timeStamp,elapsed,label,responseCode,responseMessage,threadName,dataType,success,failureMessage,bytes,sentBytes,grpThreads,allThreads,URL,Latency,IdleTime,Connect
1758400357119,200,https://gateway-apim-test.vuce.gob.pe/pass-through-https-cert/cp2/gestionduenave-query/1.0/escalas/buscaravanzadanew,200,OK,Thread Group 1-1,text,true,,2137,2806,1,1,https://gateway-apim-test.vuce.gob.pe/pass-through-https-cert/cp2/gestionduenave-query/1.0/escalas/buscaravanzadanew,200,0,51
1758400357320,71,https://gateway-apim-test.vuce.gob.pe/pass-through-https-cert/cp2/gestionduenave-query/1.0/escalas/2578?escalaId=2578,200,OK,Thread Group 1-1,text,true,,9366,2497,1,1,https://gateway-apim-test.vuce.gob.pe/pass-through-https-cert/cp2/gestionduenave-query/1.0/escalas/2578?escalaId=2578,71,0,0
1758400357391,57,https://gateway-apim-test.vuce.gob.pe/pass-through-https-cert/cp2/gestionduenave-query/1.0/escalas/convoy/2578,200,OK,Thread Group 1-1,text,true,,943,2580,1,1,https://gateway-apim-test.vuce.gob.pe/pass-through-https-cert/cp2/gestionduenave-query/1.0/escalas/convoy/2578,57,0,0
1758400357449,70,https://gateway-apim-test.vuce.gob.pe/pass-through-https-cert/cp2/gestionduenave-command/1.0/escala-revision,201,Created,Thread Group 1-1,text,true,,1055,2720,1,1,https://gateway-apim-test.vuce.gob.pe/pass-through-https-cert/cp2/gestionduenave-command/1.0/escala-revision,70,0,0
1758400357520,59,https://gateway-apim-test.vuce.gob.pe/pass-through-https-cert/cp2/gestionduenave-query/1.0/escalas/convoy/2578,200,OK,Thread Group 1-1,text,true,,943,2647,1,1,https://gateway-apim-test.vuce.gob.pe/pass-through-https-cert/cp2/gestionduenave-query/1.0/escalas/convoy/2578,59,0,0
1758400357580,61,https://gateway-apim-test.vuce.gob.pe/pass-through-https-cert/cp2/gestionduenave-query/1.0/escala-seguimientos/escalaId/2578/7?escalaId=2578&estado=7,200,OK,Thread Group 1-1,text,true,,14533,2686,1,1,https://gateway-apim-test.vuce.gob.pe/pass-through-https-cert/cp2/gestionduenave-query/1.0/escala-seguimientos/escalaId/2578/7?escalaId=2578&estado=7,61,0,0
1758400357641,78,"https://gateway-apim-test.vuce.gob.pe/pass-through-https-cert/cp2/gestionduenave-query/1.0/escalas/puertos/nacional?Listpuertos=CLL,YMS,IQT,NAU,PUN,CHM,HUY,MRI,PIO,SJA,SNX,PAC,SVY,EEN,STR,CHY,HCO,SUP,ILQ,PUB,PAI,TYL,ZOR,PCL",200,OK,Thread Group 1-1,text,true,,3445,2806,1,1,https://gateway-apim-test.vuce.gob.pe/pass-through-https-cert/cp2/gestionduenave-query/1.0/escalas/puertos/nacional?Listpuertos=CLL%2CYMS%2CIQT%2CNAU%2CPUN%2CCHM%2CHUY%2CMRI%2CPIO%2CSJA%2CSNX%2CPAC%2CSVY%2CEEN%2CSTR%2CCHY%2CHCO%2CSUP%2CILQ%2CPUB%2CPAI%2CTYL%2CZOR%2CPCL,78,0,0
1758400357719,35,https://gateway-apim-test.vuce.gob.pe/pass-through-https-cert/cp2/comunes-query/1.0/master/allByCode?code=terminal,200,,Thread Group 1-1,text,true,,21685,2651,1,1,https://gateway-apim-test.vuce.gob.pe/pass-through-https-cert/cp2/comunes-query/1.0/master/allByCode?code=terminal,34,0,0
1758400357754,25,https://gateway-apim-test.vuce.gob.pe/pass-through-https-cert/cp2/comunes-query/1.0/master/allByCode?code=tipoTraficodue,200,,Thread Group 1-1,text,true,,913,2724,1,1,https://gateway-apim-test.vuce.gob.pe/pass-through-https-cert/cp2/comunes-query/1.0/master/allByCode?code=tipoTraficodue,25,0,0
1758400357779,22,https://gateway-apim-test.vuce.gob.pe/pass-through-https-cert/cp2/comunes-query/1.0/master/allByCodeAndDescription?code=puerto&description=&page=0&size=10,200,,Thread Group 1-1,text,true,,2007,2758,1,1,https://gateway-apim-test.vuce.gob.pe/pass-through-https-cert/cp2/comunes-query/1.0/master/allByCodeAndDescription?code=puerto&size=10&description=&page=0,22,0,0
1758400357802,26,https://gateway-apim-test.vuce.gob.pe/pass-through-https-cert/cp2/comunes-query/1.0/master/allByCodeAndDescription?code=puerto&description=&page=0&size=10,200,,Thread Group 1-1,text,true,,2007,2758,1,1,https://gateway-apim-test.vuce.gob.pe/pass-through-https-cert/cp2/comunes-query/1.0/master/allByCodeAndDescription?code=puerto&size=10&description=&page=0,26,0,0
1758400357828,34,https://gateway-apim-test.vuce.gob.pe/pass-through-https-cert/cp2/comunes-query/1.0/master/allByCode?code=tipoOperacion,200,,Thread Group 1-1,text,true,,1089,2723,1,1,https://gateway-apim-test.vuce.gob.pe/pass-through-https-cert/cp2/comunes-query/1.0/master/allByCode?code=tipoOperacion,34,0,0
1758400357862,142,https://gateway-apim-test.vuce.gob.pe/pass-through-https-cert/cp2/comunes-query/1.0/master/allByCode?code=onu,200,,Thread Group 1-1,text,true,,696976,2713,1,1,https://gateway-apim-test.vuce.gob.pe/pass-through-https-cert/cp2/comunes-query/1.0/master/allByCode?code=onu,62,0,0
1758400358004,71,https://gateway-apim-test.vuce.gob.pe/pass-through-https-cert/cp2/gestionduenave-query/1.0/mercancia-peligrosa/lista/2578,200,OK,Thread Group 1-1,text,true,,1505,2725,1,1,https://gateway-apim-test.vuce.gob.pe/pass-through-https-cert/cp2/gestionduenave-query/1.0/mercancia-peligrosa/lista/2578,71,0,0
1758400358075,73,https://gateway-apim-test.vuce.gob.pe/pass-through-https-cert/cp2/gestionduenave-query/1.0/mercancia-peligrosa/2578?indicadorES=S&page=1&size=25,200,OK,Thread Group 1-1,text,true,,14513,2748,1,1,https://gateway-apim-test.vuce.gob.pe/pass-through-https-cert/cp2/gestionduenave-query/1.0/mercancia-peligrosa/2578?size=25&indicadorES=S&page=1,71,0,0
1758400358148,69,https://gateway-apim-test.vuce.gob.pe/pass-through-https-cert/cp2/gestionduenave-query/1.0/escala-seguimientos/search?escalaId=2578&documentoId=66,200,OK,Thread Group 1-1,text,true,,52365,2750,1,1,https://gateway-apim-test.vuce.gob.pe/pass-through-https-cert/cp2/gestionduenave-query/1.0/escala-seguimientos/search?escalaId=2578&documentoId=66,67,0,0
1758400358217,59,https://gateway-apim-test.vuce.gob.pe/pass-through-https-cert/cp2/gestionduenave-query/1.0/agency/findByRuc?ruc=20100010136,200,OK,Thread Group 1-1,text,true,,992,2727,1,1,https://gateway-apim-test.vuce.gob.pe/pass-through-https-cert/cp2/gestionduenave-query/1.0/agency/findByRuc?ruc=20100010136,59,0,0
1758400358276,152,https://gateway-apim-test.vuce.gob.pe/pass-through-https-cert/cp2/processdue/1.0/camunda/init,200,OK,Thread Group 1-1,text,true,,1049,3176,1,1,https://gateway-apim-test.vuce.gob.pe/pass-through-https-cert/cp2/processdue/1.0/camunda/init,152,0,0
1758400358429,151,https://gateway-apim-test.vuce.gob.pe/pass-through-https-cert/cp2/gestionduenave-query/1.0/escala-seguimientos/search?escalaId=2578,200,OK,Thread Group 1-1,text,true,,308489,2802,1,1,https://gateway-apim-test.vuce.gob.pe/pass-through-https-cert/cp2/gestionduenave-query/1.0/escala-seguimientos/search?escalaId=2578,116,0,0
1758400358580,78,https://gateway-apim-test.vuce.gob.pe/pass-through-https-cert/cp2/gestionduenave-query/1.0/escalas/2578?escalaId=2578,200,OK,Thread Group 1-1,text,true,,9366,2788,1,1,https://gateway-apim-test.vuce.gob.pe/pass-through-https-cert/cp2/gestionduenave-query/1.0/escalas/2578?escalaId=2578,78,0,0
1758400358659,65,https://gateway-apim-test.vuce.gob.pe/pass-through-https-cert/cp2/gestionduenave-command/1.0/escala-revision,201,Created,Thread Group 1-1,text,true,,958,2921,1,1,https://gateway-apim-test.vuce.gob.pe/pass-through-https-cert/cp2/gestionduenave-command/1.0/escala-revision,65,0,0
1758400358724,54,https://gateway-apim-test.vuce.gob.pe/pass-through-https-cert/cp2/gestionduenave-query/1.0/escalas/convoy/2578,200,OK,Thread Group 1-1,text,true,,943,2781,1,1,https://gateway-apim-test.vuce.gob.pe/pass-through-https-cert/cp2/gestionduenave-query/1.0/escalas/convoy/2578,54,0,0
1758400358778,52,https://gateway-apim-test.vuce.gob.pe/pass-through-https-cert/cp2/gestionduenave-query/1.0/escala-seguimientos/escalaId/2578/7?escalaId=2578&estado=7,200,OK,Thread Group 1-1,text,true,,14533,2820,1,1,https://gateway-apim-test.vuce.gob.pe/pass-through-https-cert/cp2/gestionduenave-query/1.0/escala-seguimientos/escalaId/2578/7?escalaId=2578&estado=7,52,0,0
1758400358830,55,https://gateway-apim-test.vuce.gob.pe/pass-through-https-cert/cp2/gestionduenave-query/1.0/agency/findByRuc?ruc=20153408191,200,OK,Thread Group 1-1,text,true,,967,2794,1,1,https://gateway-apim-test.vuce.gob.pe/pass-through-https-cert/cp2/gestionduenave-query/1.0/agency/findByRuc?ruc=20153408191,55,0,0
1758400358885,51,https://gateway-apim-test.vuce.gob.pe/pass-through-https-cert/cp2/gestionduenave-query/1.0/agency/findByRuc?ruc=20100010136,200,OK,Thread Group 1-1,text,true,,992,2794,1,1,https://gateway-apim-test.vuce.gob.pe/pass-through-https-cert/cp2/gestionduenave-query/1.0/agency/findByRuc?ruc=20100010136,51,0,0
1758400358936,62,https://gateway-apim-test.vuce.gob.pe/pass-through-https-cert/cp2/seguridad/1.0/cuentas-vuce?tipoDocumento=2&numeroDocumento=40898002,200,OK,Thread Group 1-1,text,true,,2411,2763,1,1,https://gateway-apim-test.vuce.gob.pe/pass-through-https-cert/cp2/seguridad/1.0/cuentas-vuce?tipoDocumento=2&numeroDocumento=40898002,62,0,0
1758400358998,240,https://gateway-apim-test.vuce.gob.pe/pass-through-https-cert/cp2/translate/1.0/lang/es,200,,Thread Group 1-1,text,true,,136138,2821,1,1,https://gateway-apim-test.vuce.gob.pe/pass-through-https-cert/cp2/translate/1.0/lang/es,38,0,0
1758400359239,51,https://gateway-apim-test.vuce.gob.pe/pass-through-https-cert/cp2/seguridad/1.0/cuentas-vuce?tipoDocumento=2&numeroDocumento=40898002,200,OK,Thread Group 1-1,text,true,,2314,2897,1,1,https://gateway-apim-test.vuce.gob.pe/pass-through-https-cert/cp2/seguridad/1.0/cuentas-vuce?tipoDocumento=2&numeroDocumento=40898002,51,0,0
1758400359291,32,https://gateway-apim-test.vuce.gob.pe/pass-through-https-cert/cp2/seguridad/1.0/roles-permisos?perfilId=106,200,OK,Thread Group 1-1,text,true,,12143,2919,1,1,https://gateway-apim-test.vuce.gob.pe/pass-through-https-cert/cp2/seguridad/1.0/roles-permisos?perfilId=106,32,0,0
1758400359323,29,https://gateway-apim-test.vuce.gob.pe/pass-through-https-cert/cp2/seguridad/1.0/perfiles/106,200,OK,Thread Group 1-1,text,true,,2168,2904,1,1,https://gateway-apim-test.vuce.gob.pe/pass-through-https-cert/cp2/seguridad/1.0/perfiles/106,29,0,0
1758400359352,35,https://gateway-apim-test.vuce.gob.pe/pass-through-https-cert/cp2/translate/1.0/lang/es,200,,Thread Group 1-1,text,true,,136097,2888,1,1,https://gateway-apim-test.vuce.gob.pe/pass-through-https-cert/cp2/translate/1.0/lang/es,32,0,0
1758400359387,58,"https://gateway-apim-test.vuce.gob.pe/pass-through-https-cert/cp2/gestionduenave-query/1.0/escalas/puertos/nacional?Listpuertos=CLL,YMS,IQT,NAU,PUN,PAI",200,OK,Thread Group 1-1,text,true,,1558,2977,1,1,https://gateway-apim-test.vuce.gob.pe/pass-through-https-cert/cp2/gestionduenave-query/1.0/escalas/puertos/nacional?Listpuertos=CLL%2CYMS%2CIQT%2CNAU%2CPUN%2CPAI,58,0,0
1758400359445,291,https://gateway-apim-test.vuce.gob.pe/pass-through-https-cert/cp2/gestionduenave-query/1.0/escalas/buscaravanzadanew,200,OK,Thread Group 1-1,text,true,,30266,3380,1,1,https://gateway-apim-test.vuce.gob.pe/pass-through-https-cert/cp2/gestionduenave-query/1.0/escalas/buscaravanzadanew,289,0,0
1758400359736,157,https://gateway-apim-test.vuce.gob.pe/pass-through-https-cert/cp2/gestionduenave-query/1.0/escalas/buscaravanzadanew,200,OK,Thread Group 1-1,text,true,,1946,3387,1,1,https://gateway-apim-test.vuce.gob.pe/pass-through-https-cert/cp2/gestionduenave-query/1.0/escalas/buscaravanzadanew,157,0,0
1758400359893,81,https://gateway-apim-test.vuce.gob.pe/pass-through-https-cert/cp2/gestionduenave-query/1.0/escalas/2578?escalaId=2578,200,OK,Thread Group 1-1,text,true,,9373,2933,1,1,https://gateway-apim-test.vuce.gob.pe/pass-through-https-cert/cp2/gestionduenave-query/1.0/escalas/2578?escalaId=2578,81,0,0
1758400359974,55,https://gateway-apim-test.vuce.gob.pe/pass-through-https-cert/cp2/gestionduenave-query/1.0/escalas/convoy/2578,200,OK,Thread Group 1-1,text,true,,943,2926,1,1,https://gateway-apim-test.vuce.gob.pe/pass-through-https-cert/cp2/gestionduenave-query/1.0/escalas/convoy/2578,55,0,0
1758400360029,59,https://gateway-apim-test.vuce.gob.pe/pass-through-https-cert/cp2/gestionduenave-command/1.0/escala-revision,201,Created,Thread Group 1-1,text,true,,959,3069,1,1,https://gateway-apim-test.vuce.gob.pe/pass-through-https-cert/cp2/gestionduenave-command/1.0/escala-revision,59,0,0
1758400360088,56,https://gateway-apim-test.vuce.gob.pe/pass-through-https-cert/cp2/gestionduenave-query/1.0/escalas/convoy/2578,200,OK,Thread Group 1-1,text,true,,943,2926,1,1,https://gateway-apim-test.vuce.gob.pe/pass-through-https-cert/cp2/gestionduenave-query/1.0/escalas/convoy/2578,56,0,0
1758400360145,53,https://gateway-apim-test.vuce.gob.pe/pass-through-https-cert/cp2/gestionduenave-query/1.0/escala-seguimientos/escalaId/2578/7?escalaId=2578&estado=7,200,OK,Thread Group 1-1,text,true,,14533,2965,1,1,https://gateway-apim-test.vuce.gob.pe/pass-through-https-cert/cp2/gestionduenave-query/1.0/escala-seguimientos/escalaId/2578/7?escalaId=2578&estado=7,53,0,0
1758400360199,57,"https://gateway-apim-test.vuce.gob.pe/pass-through-https-cert/cp2/gestionduenave-query/1.0/escalas/puertos/nacional?Listpuertos=CLL,YMS,IQT,NAU,PUN,PAI",200,OK,Thread Group 1-1,text,true,,1558,2977,1,1,https://gateway-apim-test.vuce.gob.pe/pass-through-https-cert/cp2/gestionduenave-query/1.0/escalas/puertos/nacional?Listpuertos=CLL%2CYMS%2CIQT%2CNAU%2CPUN%2CPAI,57,0,0
1758400360256,32,https://gateway-apim-test.vuce.gob.pe/pass-through-https-cert/cp2/comunes-query/1.0/master/allByCode?code=terminal,200,,Thread Group 1-1,text,true,,21565,2930,1,1,https://gateway-apim-test.vuce.gob.pe/pass-through-https-cert/cp2/comunes-query/1.0/master/allByCode?code=terminal,32,0,0
1758400360288,27,https://gateway-apim-test.vuce.gob.pe/pass-through-https-cert/cp2/comunes-query/1.0/master/allByCode?code=tipoTraficodue,200,,Thread Group 1-1,text,true,,913,2936,1,1,https://gateway-apim-test.vuce.gob.pe/pass-through-https-cert/cp2/comunes-query/1.0/master/allByCode?code=tipoTraficodue,27,0,0
1758400360315,23,https://gateway-apim-test.vuce.gob.pe/pass-through-https-cert/cp2/comunes-query/1.0/master/allByCodeAndDescription?code=puerto&description=&page=0&size=10,200,,Thread Group 1-1,text,true,,2007,2970,1,1,https://gateway-apim-test.vuce.gob.pe/pass-through-https-cert/cp2/comunes-query/1.0/master/allByCodeAndDescription?code=puerto&size=10&description=&page=0,23,0,0
1758400360338,28,https://gateway-apim-test.vuce.gob.pe/pass-through-https-cert/cp2/comunes-query/1.0/master/allByCodeAndDescription?code=puerto&description=&page=0&size=10,200,,Thread Group 1-1,text,true,,2007,2970,1,1,https://gateway-apim-test.vuce.gob.pe/pass-through-https-cert/cp2/comunes-query/1.0/master/allByCodeAndDescription?code=puerto&size=10&description=&page=0,28,0,0
1758400360366,83,https://gateway-apim-test.vuce.gob.pe/pass-through-https-cert/cp2/cambioagenciatripulante-query/1.0/tripulante/lista/2578,200,OK,Thread Group 1-1,text,true,,39170,2937,1,1,https://gateway-apim-test.vuce.gob.pe/pass-through-https-cert/cp2/cambioagenciatripulante-query/1.0/tripulante/lista/2578,82,0,0
1758400360449,63,https://gateway-apim-test.vuce.gob.pe/pass-through-https-cert/cp2/cambioagenciatripulante-query/1.0/listatripulante/lista/2578,200,OK,Thread Group 1-1,text,true,,1782,3009,1,1,https://gateway-apim-test.vuce.gob.pe/pass-through-https-cert/cp2/cambioagenciatripulante-query/1.0/listatripulante/lista/2578,63,0,0
1758400360513,75,https://gateway-apim-test.vuce.gob.pe/pass-through-https-cert/cp2/gestionduenave-query/1.0/escala-seguimientos/search?escalaId=2578&documentoId=65,200,OK,Thread Group 1-1,text,true,,51966,3029,1,1,https://gateway-apim-test.vuce.gob.pe/pass-through-https-cert/cp2/gestionduenave-query/1.0/escala-seguimientos/search?escalaId=2578&documentoId=65,73,0,0
1758400360588,60,https://gateway-apim-test.vuce.gob.pe/pass-through-https-cert/cp2/gestionduenave-query/1.0/agency/findByRuc?ruc=20100010136,200,OK,Thread Group 1-1,text,true,,992,3006,1,1,https://gateway-apim-test.vuce.gob.pe/pass-through-https-cert/cp2/gestionduenave-query/1.0/agency/findByRuc?ruc=20100010136,60,0,0
1758400360648,136,https://gateway-apim-test.vuce.gob.pe/pass-through-https-cert/cp2/processdue/1.0/camunda/init,200,OK,Thread Group 1-1,text,true,,953,3461,1,1,https://gateway-apim-test.vuce.gob.pe/pass-through-https-cert/cp2/processdue/1.0/camunda/init,136,0,0
1758400360784,289,https://gateway-apim-test.vuce.gob.pe/pass-through-https-cert/cp2/gestionduenave-query/1.0/escala-seguimientos/search?escalaId=2578,200,OK,Thread Group 1-1,text,true,,309819,3014,1,1,https://gateway-apim-test.vuce.gob.pe/pass-through-https-cert/cp2/gestionduenave-query/1.0/escala-seguimientos/search?escalaId=2578,254,0,0
1758400361073,73,https://gateway-apim-test.vuce.gob.pe/pass-through-https-cert/cp2/gestionduenave-query/1.0/escalas/2578?escalaId=2578,200,OK,Thread Group 1-1,text,true,,9373,3000,1,1,https://gateway-apim-test.vuce.gob.pe/pass-through-https-cert/cp2/gestionduenave-query/1.0/escalas/2578?escalaId=2578,73,0,0
1758400361146,76,https://gateway-apim-test.vuce.gob.pe/pass-through-https-cert/cp2/gestionduenave-command/1.0/escala-revision,201,Created,Thread Group 1-1,text,true,,959,3136,1,1,https://gateway-apim-test.vuce.gob.pe/pass-through-https-cert/cp2/gestionduenave-command/1.0/escala-revision,76,0,0
1758400361223,66,https://gateway-apim-test.vuce.gob.pe/pass-through-https-cert/cp2/gestionduenave-query/1.0/escalas/convoy/2578,200,OK,Thread Group 1-1,text,true,,943,2993,1,1,https://gateway-apim-test.vuce.gob.pe/pass-through-https-cert/cp2/gestionduenave-query/1.0/escalas/convoy/2578,66,0,0
1758400361289,65,https://gateway-apim-test.vuce.gob.pe/pass-through-https-cert/cp2/gestionduenave-query/1.0/escala-seguimientos/escalaId/2578/7?escalaId=2578&estado=7,200,OK,Thread Group 1-1,text,true,,14533,3032,1,1,https://gateway-apim-test.vuce.gob.pe/pass-through-https-cert/cp2/gestionduenave-query/1.0/escala-seguimientos/escalaId/2578/7?escalaId=2578&estado=7,65,0,0
1758400361354,72,https://gateway-apim-test.vuce.gob.pe/pass-through-https-cert/cp2/gestionduenave-query/1.0/agency/findByRuc?ruc=20551239692,200,OK,Thread Group 1-1,text,true,,972,3006,1,1,https://gateway-apim-test.vuce.gob.pe/pass-through-https-cert/cp2/gestionduenave-query/1.0/agency/findByRuc?ruc=20551239692,72,0,0
1758400361426,71,https://gateway-apim-test.vuce.gob.pe/pass-through-https-cert/cp2/gestionduenave-query/1.0/agency/findByRuc?ruc=20153408191,200,OK,Thread Group 1-1,text,true,,967,3006,1,1,https://gateway-apim-test.vuce.gob.pe/pass-through-https-cert/cp2/gestionduenave-query/1.0/agency/findByRuc?ruc=20153408191,71,0,0
1758400361497,61,https://gateway-apim-test.vuce.gob.pe/pass-through-https-cert/cp2/gestionduenave-query/1.0/agency/findByRuc?ruc=20100010136,200,OK,Thread Group 1-1,text,true,,992,3006,1,1,https://gateway-apim-test.vuce.gob.pe/pass-through-https-cert/cp2/gestionduenave-query/1.0/agency/findByRuc?ruc=20100010136,61,0,0
1758400361559,31,https://gateway-apim-test.vuce.gob.pe/pass-through-https-cert/cp2/translate/1.0/lang/es,200,,Thread Group 1-1,text,true,,136105,2955,1,1,https://gateway-apim-test.vuce.gob.pe/pass-through-https-cert/cp2/translate/1.0/lang/es,29,0,0
1758400361590,33,https://gateway-apim-test.vuce.gob.pe/pass-through-https-cert/cp2/translate/1.0/lang/es,200,,Thread Group 1-1,text,true,,136097,2955,1,1,https://gateway-apim-test.vuce.gob.pe/pass-through-https-cert/cp2/translate/1.0/lang/es,30,0,0
1758400361623,70,"https://gateway-apim-test.vuce.gob.pe/pass-through-https-cert/cp2/gestionduenave-query/1.0/escalas/puertos/nacional?Listpuertos=CLL,PAI,YMS,IQT,NAU,PUN,MRI,PIO,SJA,SNX,PAC,SVY,EEN,STR,CHY,HCO,SUP,ILQ,PUB,TYL,ZOR,PCL",200,OK,Thread Group 1-1,text,true,,3236,3144,1,1,https://gateway-apim-test.vuce.gob.pe/pass-through-https-cert/cp2/gestionduenave-query/1.0/escalas/puertos/nacional?Listpuertos=CLL%2CPAI%2CYMS%2CIQT%2CNAU%2CPUN%2CMRI%2CPIO%2CSJA%2CSNX%2CPAC%2CSVY%2CEEN%2CSTR%2CCHY%2CHCO%2CSUP%2CILQ%2CPUB%2CTYL%2CZOR%2CPCL,70,0,0
1758400361693,390,https://gateway-apim-test.vuce.gob.pe/pass-through-https-cert/cp2/gestionduenave-query/1.0/escalas/buscaravanzadanew,200,OK,Thread Group 1-1,text,true,,30316,3452,1,1,https://gateway-apim-test.vuce.gob.pe/pass-through-https-cert/cp2/gestionduenave-query/1.0/escalas/buscaravanzadanew,389,0,0
1758400362084,173,https://gateway-apim-test.vuce.gob.pe/pass-through-https-cert/cp2/gestionduenave-query/1.0/escalas/buscaravanzadanew,200,OK,Thread Group 1-1,text,true,,1928,3459,1,1,https://gateway-apim-test.vuce.gob.pe/pass-through-https-cert/cp2/gestionduenave-query/1.0/escalas/buscaravanzadanew,173,0,0
1758400362258,30,https://gateway-apim-test.vuce.gob.pe/pass-through-https-cert/cp2/comunes-query/1.0/master/allByCodeAndAttribute?clase=%27DUE%27&code=documento&estado=%27S%27,200,,Thread Group 1-1,text,true,,3633,3045,1,1,https://gateway-apim-test.vuce.gob.pe/pass-through-https-cert/cp2/comunes-query/1.0/master/allByCodeAndAttribute?estado=%27S%27&code=documento&clase=%27DUE%27,30,0,0
1758400362288,62,https://gateway-apim-test.vuce.gob.pe/pass-through-https-cert/cp2/gestionduenave-query/1.0/supervision-due/documentos-vencidos?idEscala=2578,200,OK,Thread Group 1-1,text,true,,949,3027,1,1,https://gateway-apim-test.vuce.gob.pe/pass-through-https-cert/cp2/gestionduenave-query/1.0/supervision-due/documentos-vencidos?idEscala=2578,62,0,0
1758400362350,73,https://gateway-apim-test.vuce.gob.pe/pass-through-https-cert/cp2/gestionduenave-query/1.0/auth-arribo/listar-opinion?escalaId=2578&indicador=S,200,OK,Thread Group 1-1,text,true,,1121,3030,1,1,https://gateway-apim-test.vuce.gob.pe/pass-through-https-cert/cp2/gestionduenave-query/1.0/auth-arribo/listar-opinion?escalaId=2578&indicador=S,73,0,0
1758400362423,32,https://gateway-apim-test.vuce.gob.pe/pass-through-https-cert/cp2/comunes-query/1.0/master/findByCode?codigo=FRASES_AUTORIZACION,200,,Thread Group 1-1,text,true,,1274,3015,1,1,https://gateway-apim-test.vuce.gob.pe/pass-through-https-cert/cp2/comunes-query/1.0/master/findByCode?codigo=FRASES_AUTORIZACION,32,0,0
1758400362456,75,https://gateway-apim-test.vuce.gob.pe/pass-through-https-cert/cp2/gestionduenave-query/1.0/escalas/2578?escalaId=2578,200,OK,Thread Group 1-1,text,true,,9366,3004,1,1,https://gateway-apim-test.vuce.gob.pe/pass-through-https-cert/cp2/gestionduenave-query/1.0/escalas/2578?escalaId=2578,75,0,0
1758400362532,164,https://gateway-apim-test.vuce.gob.pe/pass-through-https-cert/cp2/gestionduenave-query/1.0/escala-seguimientos/search?escalaId=2578,200,OK,Thread Group 1-1,text,true,,309890,3018,1,1,https://gateway-apim-test.vuce.gob.pe/pass-through-https-cert/cp2/gestionduenave-query/1.0/escala-seguimientos/search?escalaId=2578,132,0,0
1758400362697,52,https://gateway-apim-test.vuce.gob.pe/pass-through-https-cert/cp2/gestionduenave-query/1.0/agency/findByRuc?ruc=20551239692,200,OK,Thread Group 1-1,text,true,,972,3010,1,1,https://gateway-apim-test.vuce.gob.pe/pass-through-https-cert/cp2/gestionduenave-query/1.0/agency/findByRuc?ruc=20551239692,52,0,0
1758400362750,48,https://gateway-apim-test.vuce.gob.pe/pass-through-https-cert/cp2/gestionduenave-query/1.0/agency/findByRuc?ruc=20153408191,200,OK,Thread Group 1-1,text,true,,967,3010,1,1,https://gateway-apim-test.vuce.gob.pe/pass-through-https-cert/cp2/gestionduenave-query/1.0/agency/findByRuc?ruc=20153408191,48,0,0
1758400362799,93,https://gateway-apim-test.vuce.gob.pe/pass-through-https-cert/cp2/gestionduenave-command/1.0/arribo/autorizar/2578,200,OK,Thread Group 1-1,text,true,,1608,3137,1,1,https://gateway-apim-test.vuce.gob.pe/pass-through-https-cert/cp2/gestionduenave-command/1.0/arribo/autorizar/2578,93,0,0
1758400362892,160,https://gateway-apim-test.vuce.gob.pe/pass-through-https-cert/cp2/gestionduenave-query/1.0/escalas/buscaravanzadanew,200,OK,Thread Group 1-1,text,true,,1945,3459,1,1,https://gateway-apim-test.vuce.gob.pe/pass-through-https-cert/cp2/gestionduenave-query/1.0/escalas/buscaravanzadanew,160,0,0
1758400363052,72,https://gateway-apim-test.vuce.gob.pe/pass-through-https-cert/cp2/gestionduenave-query/1.0/escalas/2578?escalaId=2578,200,OK,Thread Group 1-1,text,true,,9373,3004,1,1,https://gateway-apim-test.vuce.gob.pe/pass-through-https-cert/cp2/gestionduenave-query/1.0/escalas/2578?escalaId=2578,72,0,0
1758400363124,66,https://gateway-apim-test.vuce.gob.pe/pass-through-https-cert/cp2/gestionduenave-query/1.0/escalas/autorizacion-zarpe/2578?tipoSeguimientoId=51,200,OK,Thread Group 1-1,text,true,,1172,3030,1,1,https://gateway-apim-test.vuce.gob.pe/pass-through-https-cert/cp2/gestionduenave-query/1.0/escalas/autorizacion-zarpe/2578?tipoSeguimientoId=51,66,0,0
1758400363191,60,https://gateway-apim-test.vuce.gob.pe/pass-through-https-cert/cp2/gestionduenave-query/1.0/despacho/escala/2578,200,OK,Thread Group 1-1,text,true,,1237,2998,1,1,https://gateway-apim-test.vuce.gob.pe/pass-through-https-cert/cp2/gestionduenave-query/1.0/despacho/escala/2578,60,0,0
1758400363251,59,https://gateway-apim-test.vuce.gob.pe/pass-through-https-cert/cp2/gestionduenave-query/1.0/despacho/guid/2578,200,OK,Thread Group 1-1,text,true,,1075,2996,1,1,https://gateway-apim-test.vuce.gob.pe/pass-through-https-cert/cp2/gestionduenave-query/1.0/despacho/guid/2578,59,0,0
1758400363310,1760,https://gateway-apim-test.vuce.gob.pe/pass-through-https-cert/cp2/gestionduenave-command/1.0/despacho,200,OK,Thread Group 1-1,text,true,,966,3195,1,1,https://gateway-apim-test.vuce.gob.pe/pass-through-https-cert/cp2/gestionduenave-command/1.0/despacho,1760,0,0
1758400365072,146,https://gateway-apim-test.vuce.gob.pe/pass-through-https-cert/cp2/gestionduenave-query/1.0/escalas/buscaravanzadanew,200,OK,Thread Group 1-1,text,true,,1928,3459,1,1,https://gateway-apim-test.vuce.gob.pe/pass-through-https-cert/cp2/gestionduenave-query/1.0/escalas/buscaravanzadanew,146,0,0
